metadata.title,links.doi,metadata.license.id,stats.unique_downloads,stats.downloads,stats.views
Webis-Web-Archive-17,https://doi.org/10.5281/zenodo.1002204,CC-BY-SA-4.0,48193.0,75630.0,473.0
Gold standard for tractogram io testing,https://doi.org/10.5281/zenodo.2651349,CC-BY-4.0,31474.0,151443.0,9.0
Corpus Linguistic Analysis of the BMSatire Descriptions corpus,https://doi.org/10.5281/zenodo.3245017,CC-BY-NC-SA-4.0,22026.0,35018.0,101.0
The Ryerson Audio-Visual Database of Emotional Speech and Song (RAVDESS),https://doi.org/10.5281/zenodo.1188976,CC-BY-NC-SA-4.0,18824.0,202785.0,61412.0
Bacterial training dataset for Galaxy training network tutorials on Genome assembly,https://doi.org/10.5281/zenodo.582600,CC-BY-4.0,18679.0,30415.0,10395.0
LUNA16 Part 1/2,https://doi.org/10.5281/zenodo.2604219,CC-BY-4.0,18549.0,323522.0,8737.0
Hacker News Curated Comments Dataset,https://doi.org/10.5281/zenodo.45901,CC0-1.0,16877.0,22417.0,7394.0
Training data for ChIP-seq data analysis (Galaxy Training Material): Identification of the binding sites of the Estrogen receptor,https://doi.org/10.5281/zenodo.892432,CC-BY-4.0,16080.0,35139.0,4029.0
UrbanSound8K,https://doi.org/10.5281/zenodo.1203745,CC-BY-NC-4.0,15629.0,47946.0,1033.0
Reference-based RNA-seq data analysis (training data),https://doi.org/10.5281/zenodo.1185122,CC-BY-4.0,12860.0,31873.0,11938.0
Test dataset for ProteinID,https://doi.org/10.5281/zenodo.892005,CC-BY-4.0,11638.0,17593.0,4080.0
Abstracts from the Digital Humanities Conference 2005-2018,https://doi.org/10.5281/zenodo.1403230,CC-BY-NC-4.0,10844.0,16047.0,57.0
Topical alignment in online social systems,https://doi.org/10.5281/zenodo.833390,CC-BY-4.0,9395.0,13219.0,34.0
"Application Domain of 5,000 GitHub Repositories",https://doi.org/10.5281/zenodo.804474,CC-BY-4.0,8894.0,9958.0,887.0
Silva taxonomic training data formatted for DADA2 (Silva version 132),https://doi.org/10.5281/zenodo.1172783,other-nc,8543.0,15469.0,14255.0
Sample datasets for Galaxy NGS tutorial,https://doi.org/10.5281/zenodo.583613,CC-BY-4.0,7947.0,13070.0,160.0
Aurorasaurus Real-Time Citizen Science Aurora Data,https://doi.org/10.5281/zenodo.1255196,CC-BY-NC-4.0,7789.0,10804.0,306.0
Imbalanced dataset for benchmarking,https://doi.org/10.5281/zenodo.61452,ODbL-1.0,7567.0,9524.0,857.0
"TAU Urban Acoustic Scenes 2019, Development dataset",https://doi.org/10.5281/zenodo.2589280,other-nc,7484.0,57335.0,3421.0
Training data for 'Mapping-by-sequencing' tutorial (Galaxy Training Material),https://doi.org/10.5281/zenodo.1098034,CC-BY-4.0,7154.0,9506.0,4086.0
ConceptNet Vector Ensemble 16.04 input data,https://doi.org/10.5281/zenodo.1208722,CC-BY-SA-4.0,6958.0,7845.0,44.0
"TUT Urban Acoustic Scenes 2018, Development dataset",https://doi.org/10.5281/zenodo.1228142,other-nc,6847.0,85091.0,3835.0
DEMAND: a collection of multi-channel recordings of acoustic noise in diverse environments,https://doi.org/10.5281/zenodo.1227121,CC-BY-4.0,6744.0,33829.0,22350.0
Training material for exome sequencing,https://doi.org/10.5281/zenodo.60520,CC-BY-4.0,6521.0,10913.0,5793.0
Gemini North GMOS Dataset,https://doi.org/10.5281/zenodo.1481190,CC-BY-4.0,6504.0,9777.0,12.0
VOT19 Challenge RGBD,https://doi.org/10.5281/zenodo.2640900,CC-BY-4.0,6329.0,327498.0,60.0
UrbanSound,https://doi.org/10.5281/zenodo.1206938,CC-BY-NC-4.0,6129.0,18804.0,73.0
iView images with field movement,https://doi.org/10.5281/zenodo.3523513,AGPL-3.0,5007.0,7100.0,2.0
TripAdvisor Hotel Review Dataset,https://doi.org/10.5281/zenodo.1219899,CC-BY-NC-4.0,4602.0,5508.0,4024.0
"TUT Rare sound events, Development dataset",https://doi.org/10.5281/zenodo.401395,other-nc,4588.0,37883.0,2334.0
LUNA16 Part 2/2,https://doi.org/10.5281/zenodo.2596479,CC-BY-4.0,4291.0,61766.0,3600.0
Look Up Tables for removing background atmospherical signal in visible satellite imagery,https://doi.org/10.5281/zenodo.1288441,CC-BY-4.0,4239.0,17909.0,65.0
Human and Machine Judgements for Russian Semantic Relatedness,https://doi.org/10.5281/zenodo.163857,CC-BY-4.0,4209.0,4558.0,191.0
"TUT Acoustic scenes 2017, Development dataset",https://doi.org/10.5281/zenodo.400515,other-nc,4120.0,20887.0,11882.0
A Corpus of Modern Burmese,https://doi.org/10.5281/zenodo.1202324,CC-BY-4.0,4013.0,4548.0,210.0
Training material for Genome Annotation,https://doi.org/10.5281/zenodo.1250793,CC-BY-4.0,4009.0,4206.0,3686.0
NGI related Reddit comments dataset - With unzipped monthly files,https://doi.org/10.5281/zenodo.2575330,CC-BY-4.0,3974.0,5260.0,51.0
CuffDiff SQLite database,https://doi.org/10.5281/zenodo.1001880,CC-BY-4.0,3935.0,4138.0,4023.0
High quality white matter reference tracts,https://doi.org/10.5281/zenodo.1477956,CC-BY-NC-4.0,3858.0,32712.0,2029.0
"Daten zu ""Einfluss von Informationskompetenz-Veranstaltungen auf die Qualität von Masterarbeiten""",https://doi.org/10.5281/zenodo.45772,CC0-1.0,3844.0,3951.0,65.0
The Japanese Female Facial Expression (JAFFE) Database,https://doi.org/10.5281/zenodo.3451524,other-at,3763.0,5633.0,12164.0
Example BAM file for Galaxy Visualization Development Tutorial,https://doi.org/10.5281/zenodo.248730,CC-BY-4.0,3730.0,3892.0,25.0
On the Popularity of Modern Open Source Software,https://doi.org/10.5281/zenodo.1183752,CC-BY-4.0,3709.0,4231.0,160.0
energyso,https://doi.org/10.5281/zenodo.322473,CC-BY-4.0,3703.0,4595.0,16.0
FSDKaggle2018,https://doi.org/10.5281/zenodo.2552860,other-at,3581.0,26547.0,5648.0
Aberystwyth Leaf Evaluation Dataset,https://doi.org/10.5281/zenodo.168158,CC-BY-4.0,3534.0,6528.0,5214.0
ChokePoint Dataset,https://doi.org/10.5281/zenodo.815657,CC-BY-NC-4.0,3502.0,15656.0,276.0
"Supplementary material accompanying ""Factoring lexical and phonetic phylogenetic characters from word lists""",https://doi.org/10.5281/zenodo.31987,CC-BY-4.0,3414.0,3631.0,35.0
eROSA bibliometric study 2017,https://doi.org/10.5281/zenodo.820809,CC-BY-4.0,3401.0,4509.0,404.0
A dataset for temporal analysis of files related to the JFK case,https://doi.org/10.5281/zenodo.1098568,CC-BY-4.0,3341.0,3704.0,220.0
Mothur MiSeq SOP Galaxy Tutorial Data,https://doi.org/10.5281/zenodo.800651,CC-BY-4.0,3338.0,62004.0,6295.0
Fruit Recognition dataset,https://doi.org/10.5281/zenodo.1310165,CC-BY-4.0,3266.0,16159.0,4373.0
"DCASE 2018, Task 5: Monitoring of domestic activities based on multi-channel acoustics - Development dataset",https://doi.org/10.5281/zenodo.1247102,CC-BY-NC-4.0,3209.0,21544.0,2527.0
Textual groups data,https://doi.org/10.5281/zenodo.1134762,CC-BY-4.0,3172.0,5692.0,50.0
Training material for RNA sequencing,https://doi.org/10.5281/zenodo.61771,CC-BY-4.0,3110.0,5213.0,8634.0
Demo measurement using DIAPASON and Sentinel-1 after the 14 November 2016 earthquake in New Zealand,https://doi.org/10.5281/zenodo.167728,CC-BY-4.0,3066.0,6478.0,45.0
Hit Song Prediction (Million Song Dataset and Audio Features),https://doi.org/10.5281/zenodo.3258042,CC-BY-4.0,3062.0,4434.0,406.0
Demo measurement using DIAPASON and Sentinel-1 after the 14 November 2016 earthquake in New Zealand,https://doi.org/10.5281/zenodo.167752,CC-BY-4.0,3020.0,3389.0,17.0
ရှေးဟောင်းမြန်မာကျောက်စာများ (Ancient Burmese Inscriptions ),https://doi.org/10.5281/zenodo.1203687,CC-BY-4.0,3020.0,3959.0,337.0
VidTIMIT Audio-Video Dataset,https://doi.org/10.5281/zenodo.158963,CC-BY-NC-ND-4.0,3018.0,22515.0,162.0
Absorption and Fluorescence spectra of Rhodamine 6G,https://doi.org/10.5281/zenodo.569817,CC-BY-4.0,2981.0,3419.0,650.0
Learning Aerial Image Segmentation From Online Maps,https://doi.org/10.1109/TGRS.2017.2719738,CC-BY-4.0,2955.0,17383.0,5040.0
MIMII Dataset: Sound Dataset for Malfunctioning Industrial Machine Investigation and Inspection,https://doi.org/10.5281/zenodo.3384388,CC-BY-SA-4.0,2912.0,19592.0,9095.0
"im2latex-100k ,  arXiv:1609.04938",https://doi.org/10.5281/zenodo.56198,CC0-1.0,2899.0,12485.0,8775.0
Hubble STIS FUV Dataset,https://doi.org/10.5281/zenodo.1481192,CC-BY-4.0,2858.0,3532.0,15.0
Hubble COS FUV Dataset,https://doi.org/10.5281/zenodo.1481119,CC-BY-4.0,2857.0,3526.0,13.0
Hubble STIS CCD Dataset,https://doi.org/10.5281/zenodo.1481183,CC-BY-4.0,2849.0,3532.0,13.0
Data for blockclust tutorial,https://doi.org/10.5281/zenodo.2172221,CC-BY-4.0,2848.0,2949.0,20.0
Hubble STIS NUV Dataset,https://doi.org/10.5281/zenodo.1481185,CC-BY-4.0,2843.0,3530.0,11.0
IRMAS: a dataset for instrument recognition in musical audio signals,https://doi.org/10.5281/zenodo.1290750,CC-BY-NC-SA-4.0,2841.0,11719.0,4388.0
Hubble COS NUV Dataset,https://doi.org/10.5281/zenodo.1481181,CC-BY-4.0,2839.0,3539.0,13.0
Analysis of correlation-based biomolecular networks from different omics data by fitting stochastic block models,https://doi.org/10.5281/zenodo.3363060,CC-BY-4.0,2819.0,3484.0,5067.0
#elxn42 tweets (42nd Canadian Federal Election),https://doi.org/10.5281/zenodo.55889,CC-BY-4.0,2740.0,3334.0,28.0
"TUT Acoustic scenes 2016, Development dataset",https://doi.org/10.5281/zenodo.45739,other-nc,2724.0,12198.0,4878.0
Rotation Equivariant CNNs for Digital Pathology,https://doi.org/10.1007/978-3-030-00934-2_24,MIT,2656.0,9269.0,2056.0
An Exploratory Study on Faults in Web API Integration in a Large-Scale Payment Company: Appendix,https://doi.org/10.5281/zenodo.1035151,CC-BY-4.0,2425.0,2522.0,31.0
WS-DREAM Datasets,https://doi.org/10.5281/zenodo.1133476,CC-BY-SA-4.0,2357.0,4063.0,85.0
RDP taxonomic training data formatted for DADA2 (RDP trainset 16/release 11.5),https://doi.org/10.5281/zenodo.801828,CC-BY-4.0,2324.0,3816.0,5119.0
"Histological images for MSI vs. MSS classification in gastrointestinal cancer, FFPE samples",https://doi.org/10.5281/zenodo.2530835,CC-BY-4.0,2320.0,30899.0,1661.0
Survey on Internet attitudes,https://doi.org/10.5281/zenodo.1294040,CC-BY-NC-ND-4.0,2262.0,2882.0,167.0
"Données de base de l'étude ""Les femmes politiques dans la presse: mythèmes, biographèmes et archétype""",https://doi.org/10.5281/zenodo.11388,CC0-1.0,2254.0,2335.0,25.0
Extract from the Berlin State Library's Main Catalog,https://doi.org/10.5281/zenodo.2590752,CC-BY-4.0,2253.0,2525.0,181.0
ToyADMOS dataset,https://doi.org/10.5281/zenodo.3351307,other-nc,2248.0,8983.0,1335.0
Risk factors of typhoid infection in the Indonesian archipelago,https://doi.org/10.5281/zenodo.53987,CC0-1.0,2192.0,2566.0,52.0
Appendix 2 Self-medication study questionnaire,https://doi.org/10.5281/zenodo.822215,CC-BY-4.0,2131.0,2390.0,67.0
Monaco to TRF comparison,https://doi.org/10.5281/zenodo.3590421,Apache-2.0,2066.0,2365.0,5.0
"Development, evaluation and application of NicheNet: datasets",https://doi.org/10.5281/zenodo.3260758,CC-BY-4.0,2037.0,8356.0,387.0
Photovoltaic time series for European countries and different system configurations,https://doi.org/10.5281/zenodo.2613651,CC-BY-4.0,2000.0,2767.0,2898.0
"Galaxy Training Date  for ""Analyses of metagenomic data - The global picture""",https://doi.org/10.5281/zenodo.815875,CC-BY-4.0,2000.0,3932.0,11522.0
Optical spectroscopy supporting Chandra observations of Herbig AeBe stars,https://doi.org/10.5281/zenodo.2656720,CC-BY-4.0,1986.0,2427.0,2.0
Multi-organ Abdominal CT Reference Standard Segmentations,https://doi.org/10.5281/zenodo.1169361,CC-BY-4.0,1976.0,2780.0,4448.0
"MAJA look-up tables for Sentinel-2 A&B, Venus and Landsat-8 sensors, for default continental model",https://doi.org/10.5281/zenodo.3368623,CC-BY-4.0,1931.0,3955.0,9.0
"Data and code for Nettle and Frankenhuis, 'The evolution of life history theory'",https://doi.org/10.5281/zenodo.2579113,CC-BY-4.0,1918.0,2503.0,81.0
Contemporary phenotypic change in plant quantitative traits,https://doi.org/10.5281/zenodo.3251128,CC-BY-4.0,1864.0,3715.0,123.0
A dataset of neonatal EEG recordings with seizures annotations,https://doi.org/10.5281/zenodo.2547147,CC-BY-4.0,1828.0,16146.0,2233.0
RAM Legacy Stock Assessment Database v4.44,https://doi.org/10.5281/zenodo.2542919,CC-BY-4.0,1821.0,4576.0,6562.0
The Single-Cell Pathology Landscape of Breast Cancer,https://doi.org/10.5281/zenodo.3518284,CC-BY-1.0,1797.0,27113.0,843.0
"TUT Urban Acoustic Scenes 2018 Mobile, Development dataset",https://doi.org/10.5281/zenodo.1228235,other-nc,1774.0,17472.0,1130.0
High-spatial-resolution monthly precipitation dataset over China during 1901–2017,https://doi.org/10.5281/zenodo.3114194,CC-BY-4.0,1752.0,35629.0,1355.0
Data from: Tracking the popularity and outcomes of all bioRxiv preprints,https://doi.org/10.5281/zenodo.2603083,CC0-1.0,1745.0,2157.0,174.0
"TAU Spatial Sound Events 2019 - Ambisonic and Microphone Array, Development Datasets",https://doi.org/10.5281/zenodo.2599196,other-nc,1737.0,6969.0,1785.0
"100,000 histological images of human colorectal cancer and healthy tissue",https://doi.org/10.5281/zenodo.1214456,CC-BY-4.0,1704.0,5929.0,3603.0
"TUT Sound events 2017, Development dataset",https://doi.org/10.5281/zenodo.814831,other-nc,1696.0,4793.0,1903.0
Data Pack fro VirSorter: mining viral signal from microbial genomic data,https://doi.org/10.5281/zenodo.1168727,CC-BY-4.0,1691.0,3171.0,237.0
"TAU Urban Acoustic Scenes 2019, Evaluation dataset",https://doi.org/10.5281/zenodo.3063822,other-nc,1669.0,11396.0,822.0
Sistematic review on the code smell effect (2000-2017),https://doi.org/10.5281/zenodo.1188978,CC-BY-4.0,1657.0,1944.0,106.0
Global River Widths from Landsat (GRWL) Database,https://doi.org/10.5281/zenodo.1297434,CC-BY-4.0,1603.0,3618.0,7970.0
"Archaeological Survey of India Collections: Burma Circle, 1916-22. Photo 1004/4 : 1916-22 (.jpg format)",https://doi.org/10.5281/zenodo.842010,CC-BY-4.0,1599.0,18583.0,507.0
Improving Hypernymy Extraction with Distributional Semantic Classes,https://doi.org/10.5281/zenodo.1174041,CC-BY-SA-4.0,1595.0,1841.0,33.0
Automated measurement of fetal head circumference using 2D ultrasound images,https://doi.org/10.5281/zenodo.1327317,CC-BY-4.0,1589.0,5082.0,5209.0
Basset  model files,https://doi.org/10.1101/gr.200535.115,MIT,1579.0,1621.0,35.0
Example DICOM RT Structure,https://doi.org/10.5281/zenodo.3576026,Apache-2.0,1578.0,1902.0,7.0
Automotive Sensor Data. An Example Dataset from the AEGIS Big Data Project,https://doi.org/10.5281/zenodo.820576,CC-BY-4.0,1562.0,1775.0,6508.0
MAPNET Population Genomics Workshop Content: Whole genome sequencing of Bactericera cockerelli,https://doi.org/10.5281/zenodo.2566534,CC-BY-4.0,1551.0,8179.0,956.0
Summon Topic Explorer Results by Search Query,https://doi.org/10.5281/zenodo.47723,CC0-1.0,1538.0,1682.0,280.0
FIRESENSE database of videos for flame and smoke detection,https://doi.org/10.5281/zenodo.836749,CC-BY-4.0,1536.0,6674.0,3694.0
Sample FITS file with log linear wavelength solution,https://doi.org/10.5281/zenodo.3359180,CC-BY-4.0,1531.0,1846.0,3.0
Sample FITS file with non-linear wavelength solution using a linear spline model,https://doi.org/10.5281/zenodo.3359196,CC-BY-4.0,1529.0,1844.0,1.0
Sample FITS file with non-linear wavelength solution using a Chebyshev model,https://doi.org/10.5281/zenodo.3359190,CC-BY-4.0,1529.0,1849.0,3.0
Sample FITS file with non-linear wavelength solution using a Legendre model,https://doi.org/10.5281/zenodo.3359194,CC-BY-4.0,1521.0,1843.0,2.0
Sample FITS file with non-linear wavelength solution using a cubic spline model,https://doi.org/10.5281/zenodo.3359200,CC-BY-4.0,1520.0,1848.0,4.0
Newspaper review and analysis data on media coverage of budget issues in Nigeria,https://doi.org/10.5281/zenodo.11512,CC-BY-4.0,1518.0,1842.0,25.0
Sample FITS file with linear wavelength solution,https://doi.org/10.5281/zenodo.3359174,CC-BY-4.0,1515.0,1842.0,4.0
The OpenEar library of 3D models of the human temporal bone based on computed tomography and micro-slicing,https://doi.org/10.5281/zenodo.1473724,CC-BY-4.0,1503.0,10198.0,3429.0
"TUT Rare sound events, Evaluation dataset",https://doi.org/10.5281/zenodo.1160455,other-nc,1493.0,9327.0,1130.0
Sinopsis bioclimática y vegetacional de Chile / Bioclimatic and vegetational synopsis of Chile,https://doi.org/10.5281/zenodo.60800,CC-BY-NC-4.0,1492.0,3536.0,4647.0
Example DICOM files for Gamma Analysis,https://doi.org/10.5281/zenodo.2614021,AGPL-3.0-or-later,1490.0,3014.0,24.0
"Green Roofs Footprints for New York City, Assembled from Available Data and Remote Sensing",https://doi.org/10.5281/zenodo.1469674,CC-BY-NC-SA-4.0,1475.0,1697.0,4622.0
RT-GENE: Real-Time Eye Gaze Estimation in Natural Environments,https://doi.org/10.1007/978-3-030-01249-6_21,CC-BY-NC-SA-4.0,1443.0,12361.0,1645.0
FSDnoisy18k,https://doi.org/10.5281/zenodo.2529934,other-at,1443.0,3745.0,1726.0
Water quality and diarrhoea bibliometric data and visualisation,https://doi.org/10.5281/zenodo.820718,CC-BY-4.0,1442.0,1680.0,216.0
The RDP and GreenGenes taxonomic training sets formatted for DADA2,https://doi.org/10.5281/zenodo.158955,CC-BY-SA-4.0,1440.0,2482.0,3887.0
Collection of textures in colorectal cancer histology,https://doi.org/10.5281/zenodo.53169,CC-BY-4.0,1429.0,2337.0,4132.0
"TAU Urban Acoustic Scenes 2019 Mobile, Development dataset",https://doi.org/10.5281/zenodo.2589332,other-nc,1419.0,9982.0,833.0
SiSEC18-MUS 7s Excerpts,https://doi.org/10.5281/zenodo.3270814,CC-BY-4.0,1418.0,1523.0,50.0
CHAOS - Combined (CT-MR) Healthy Abdominal Organ Segmentation Challenge Data,https://doi.org/10.5281/zenodo.3431873,CC-BY-NC-SA-4.0,1413.0,4889.0,1592.0
HAL  model files,https://doi.org/10.1016/j.cell.2015.09.054,MIT,1411.0,4160.0,19.0
"Prevalence of Creative Commons licenses in the Directory of Open Access Journals by discipline, author fees, number of journals per country and publisher",https://doi.org/10.5281/zenodo.11616,CC-BY-SA-4.0,1411.0,1549.0,113.0
Demo of log file mapped DICOM RT Plan,https://doi.org/10.5281/zenodo.3382023,AGPL-3.0-or-later,1397.0,3157.0,20.0
Global whole-rock geochemical database compilation,https://doi.org/10.5281/zenodo.3359791,CC-BY-4.0,1372.0,2680.0,2101.0
"Heterogeneous Integrated Dataset for Maritime Intelligence, Surveillance, and Reconnaissance",https://doi.org/10.5281/zenodo.1167595,CC-BY-NC-SA-4.0,1359.0,4810.0,5241.0
Wikimedia Commons photos by prominent users and their usage across the web,https://doi.org/10.5281/zenodo.3357021,CC0-1.0,1355.0,1612.0,49.0
The skin commensal yeast Malassezia triggers a Th17-response that coordinates anti-fungal immunity and exacerbates skin inflammation,https://doi.org/10.5281/zenodo.2577503,CC-BY-4.0,1341.0,4804.0,73.0
CWTS Leiden Ranking 2019,https://doi.org/10.5281/zenodo.3339177,CC-BY-4.0,1320.0,2544.0,1705.0
The list of QPS status recommended biological agents for safety risk assessments carried out by EFSA,https://doi.org/10.5281/zenodo.3336268,CC-BY-4.0,1319.0,1649.0,2232.0
Mobile Cloud Computing Bibliographic Results from Google Scholar,https://doi.org/10.5281/zenodo.1325969,CC-BY-4.0,1308.0,1632.0,31.0
Silva taxonomic training data formatted for DADA2 (Silva version 128),https://doi.org/10.5281/zenodo.824551,other-nc,1304.0,2267.0,2965.0
"TUT Urban Acoustic Scenes 2018, Evaluation dataset",https://doi.org/10.5281/zenodo.1293883,other-nc,1296.0,8039.0,1222.0
European database of processing factors for pesticides in food,https://doi.org/10.2903/sp.efsa.2018.EN-1510,CC-BY-4.0,1286.0,1737.0,2552.0
HASYv2 - Handwritten Symbol database,https://doi.org/10.5281/zenodo.259444,ODbL-1.0,1276.0,1620.0,3314.0
Enron Email Time-Series Network,https://doi.org/10.5281/zenodo.1342353,CC-BY-4.0,1269.0,1441.0,422.0
PanDDA analysis of JMJD2D screened against Zenobia Fragment Library (HTML Summary),https://doi.org/10.5281/zenodo.290220,CC-BY-4.0,1269.0,1954.0,83.0
"Family name distributions collected in the ""Aktion Forscherkontakte"" (FOKO)",https://doi.org/10.5281/zenodo.61683,CC-BY-SA-4.0,1249.0,1730.0,1305.0
"TAU Urban Acoustic Scenes 2019 Openset, Development dataset",https://doi.org/10.5281/zenodo.2591503,other-nc,1239.0,20834.0,510.0
Evaluation of Android Malware Detection Based on System Calls - Dataset,https://doi.org/10.5281/zenodo.154737,CC-BY-4.0,1223.0,8782.0,1006.0
acoustic data phase 2,https://doi.org/10.5281/zenodo.1136104,CC-BY-4.0,1214.0,1560.0,15.0
Original multi-parametric MRI images of prostate,https://doi.org/10.5281/zenodo.162231,CC-BY-4.0,1197.0,9660.0,3561.0
words_alpha.txt,https://doi.org/10.5281/zenodo.3576218,CC-BY-4.0,1189.0,1258.0,2.0
"Statistics and Evaluation Data for Publication ""Using Supervised Learning to Classify Metadata of Research Data by Discipline of Research""",https://doi.org/10.5281/zenodo.3490468,CC-BY-4.0,1157.0,1320.0,4220.0
Microsoft Academic Graph,https://doi.org/10.5281/zenodo.2628216,ODC-By-1.0,1155.0,4691.0,1689.0
SNSF Open Access Monitoring: Data Publications 2013-2014,https://doi.org/10.5281/zenodo.45442,CC0-1.0,1145.0,1362.0,87.0
MALDI imaging of mouse kidney peptides - test dataset,https://doi.org/10.5281/zenodo.1560646,MIT,1143.0,1359.0,5550.0
DeConf: De-conflated Semantic Representations,https://doi.org/10.5281/zenodo.1401788,CC-BY-4.0,1127.0,1325.0,19.0
To bee or not to bee: An annotated dataset for beehive sound recognition,https://doi.org/10.5281/zenodo.1321278,CC-BY-4.0,1121.0,8638.0,1426.0
An MRI DICOM data set of the head of a  normal male human aged 52,https://doi.org/10.5281/zenodo.16956,CC-BY-SA-4.0,1105.0,1400.0,3281.0
"Open Access journals charging publication fees for a) the ten countries with the highest output of Open Access journals and b) sociological journals (2012, 2014)",https://doi.org/10.5281/zenodo.10758,CC-BY-SA-4.0,1102.0,1357.0,140.0
"Quantitative phase microscopy timelapse dataset of PNT1A, DU-145 and LNCaP cells with annotated caspase 3,7-dependent and independent cell death",https://doi.org/10.5281/zenodo.2601562,CC-BY-4.0,1095.0,16238.0,74.0
Histological images for tumor detection in gastrointestinal cancer,https://doi.org/10.5281/zenodo.2530789,CC-BY-4.0,1090.0,5419.0,2024.0
"TUT Urban Acoustic Scenes 2018 Mobile, Evaluation dataset",https://doi.org/10.5281/zenodo.1293901,other-nc,1088.0,10771.0,393.0
Gaming Horizons Stakeholder Interviews - anonymised,https://doi.org/10.5281/zenodo.1163698,CC-BY-4.0,1073.0,1576.0,298.0
"RAPID input and output files corresponding to ""RAPID Applied to the SIM-France Model""",https://doi.org/10.5281/zenodo.30228,CC-BY-4.0,1064.0,30235.0,185.0
SLIVER07,https://doi.org/10.5281/zenodo.2597908,other-open,1062.0,5150.0,815.0
LoDoPaB-CT Dataset,https://doi.org/10.5281/zenodo.3384092,ODC-By-1.0,1055.0,9663.0,416.0
Global Gravity Field Model GAO2012,https://doi.org/10.5281/zenodo.814573,CC-BY-4.0,1054.0,1098.0,215.0
"TUT Acoustic scenes 2017, Evaluation dataset",https://doi.org/10.5281/zenodo.1040168,other-nc,1046.0,3938.0,5236.0
Cone-Beam X-Ray CT Data Collection Designed for Machine Learning: Samples 1-8,https://doi.org/10.5281/zenodo.2686726,CC-BY-4.0,1039.0,11362.0,296.0
labranchor  model files,https://doi.org/10.1101/185868,CC-BY-NC-4.0,1036.0,1550.0,15.0
Training data for de novo transcriptome reconstruction from RNA-seq data,https://doi.org/10.123/GTNdenovoRNAseq,CC-BY-4.0,1026.0,5055.0,7698.0
VB100,https://doi.org/10.5281/zenodo.60375,CC-BY-NC-SA-4.0,1023.0,5234.0,20.0
"Archaeological Survey of India Collections: Burma Circle, 1913-1916. Photo 1004/3 : 1913-1916 (.jpg format)",https://doi.org/10.5281/zenodo.842005,CC-BY-4.0,1009.0,11027.0,236.0
Non-coding regions are the main source of targetable tumor-specific antigens – DATASETS (k=33),https://doi.org/10.5281/zenodo.1484490,CC-BY-NC-4.0,995.0,14632.0,194.0
Updated example thaumatin data set from Diamond Light Source VMXi,https://doi.org/10.5281/zenodo.2547566,CC-BY-4.0,989.0,4664.0,60.0
"TUT Sound Events 2018 - Ambisonic, Anechoic and Synthetic Impulse Response Dataset",https://doi.org/10.5281/zenodo.1237703,other-nc,984.0,7433.0,1570.0
Transcranial direct current stimulation (tDCS) over the left prefrontal cortex does not affect time-trial self-paced cycling performance: Evidence from oscillatory brain activity and power output.,https://doi.org/10.5281/zenodo.1313703,CC-BY-4.0,983.0,12486.0,845.0
Pesticide ecotoxicology Tier 1 endpoints database,https://doi.org/10.5281/zenodo.273472,CC-BY-ND-4.0,983.0,1899.0,106.0
Data from: Open access levels: a quantitative exploration using Web of Science and oaDOI data,https://doi.org/10.5281/zenodo.1143707,CC0-1.0,980.0,1641.0,275.0
"Histological images for MSI vs. MSS classification in gastrointestinal cancer, snap-frozen samples",https://doi.org/10.5281/zenodo.2532612,CC-BY-4.0,973.0,10375.0,757.0
Update and expansion of the database of bio-ecological information on non-target arthropod species,https://doi.org/10.5281/zenodo.285525,CC-BY-ND-4.0,972.0,2594.0,95.0
CubiCasa5k,https://doi.org/10.5281/zenodo.2613548,CC-BY-NC-SA-4.0,954.0,2995.0,1006.0
"The ReDraw Dataset: A Set of Android Screenshots, GUI Metadata, and Labeled Images of GUI Components",https://doi.org/10.5281/zenodo.2530277,CC-BY-4.0,952.0,4135.0,1012.0
DeepSEA  model files,https://doi.org/10.1038/nmeth.3547,other-at,952.0,1667.0,55.0
"Training material for the course ""Exome analysis with GALAXY""",https://doi.org/10.5281/zenodo.3243160,CC0-1.0,952.0,3828.0,177.0
PESO: Prostate Epithelium Segmentation on H&E-stained prostatectomy whole slide images,https://doi.org/10.5281/zenodo.1485967,CC-BY-NC-SA-4.0,950.0,2235.0,3045.0
"Archaeological Survey of India Collections: Burma Circle, 1903-07.  Photo 1004/1 : 1903-1907 (.jpg format)",https://doi.org/10.5281/zenodo.1001057,CC-BY-SA-4.0,949.0,16268.0,584.0
Labsphere SRS-99-020,https://doi.org/10.5281/zenodo.3245875,CC-BY-4.0,949.0,3873.0,76.0
Edgar Anderson's Iris Data,https://doi.org/10.5281/zenodo.1319069,CC-BY-4.0,942.0,1003.0,109.0
Assessment of dairy cow welfare in small-scale farming systems dataset,https://doi.org/10.5281/zenodo.275433,CC-BY-ND-4.0,937.0,1791.0,116.0
rbp_eclip  model files,https://doi.org/10.1093/bioinformatics/btx727,MIT,936.0,3666.0,45.0
Pre-trained word2vec models for ``Easy over Hard: A Case Study on Deep Learning'',https://doi.org/10.5281/zenodo.807727,CC-BY-4.0,932.0,1014.0,49.0
OpenFoodTox: EFSA's chemical hazards database,https://doi.org/10.5281/zenodo.1252752,CC-BY-4.0,926.0,1826.0,3420.0
DWD European Weather,https://doi.org/10.5281/zenodo.3025773,CC-BY-4.0,919.0,1109.0,53.0
The Westerbork HALOGAS Survey: Data Release 1,https://doi.org/10.5281/zenodo.2552349,CC-BY-4.0,913.0,5390.0,130.0
Nanolaminography dataset: Three-dimensional imaging of integrated circuits with a macro to nanoscale zoom,https://doi.org/10.5281/zenodo.2657340,CC-BY-4.0,910.0,7878.0,629.0
Unblinded Data for PLAsTiCC Classification Challenge,https://doi.org/10.5281/zenodo.2539456,CC-BY-4.0,897.0,3052.0,1573.0
Austrian Science Fund (FWF) funding statistics 2009-2017,https://doi.org/10.5281/zenodo.1310774,CC-BY-4.0,897.0,1712.0,1477.0
Austrian Science Fund (FWF) Publication Cost Data 2016,https://doi.org/10.5281/zenodo.810596,CC-BY-4.0,896.0,998.0,395.0
Camera Spectral Sensitivity Database,https://doi.org/10.5281/zenodo.3245883,CC-BY-NC-SA-4.0,893.0,2644.0,208.0
Error,https://doi.org/10.5281/zenodo.55156,CC0-1.0,892.0,958.0,8.0
Crowd-sourced Fitbit datasets 03.12.2016-05.12.2016,https://doi.org/10.5281/zenodo.53894,CC-BY-4.0,890.0,1284.0,3702.0
Data sets for FASTREAD,https://doi.org/10.5281/zenodo.1162952,CC-BY-4.0,886.0,1121.0,428.0
WiLI-2018 - Wikipedia Language Identification database,https://doi.org/10.5281/zenodo.841984,ODbL-1.0,885.0,1833.0,2376.0
"CVL Database - An Off-line Database for Writer Retrieval, Writer Identification and Word Spotting",https://doi.org/10.5281/zenodo.1492267,CC-BY-NC-4.0,880.0,2465.0,1292.0
InTeReC: In-text Reference Corpus - Single References Dataset,https://doi.org/10.5281/zenodo.1203737,CC-BY-NC-4.0,877.0,934.0,302.0
ADVIO: An Authentic Dataset for Visual-Inertial Odometry,https://doi.org/10.5281/zenodo.1476931,CC-BY-NC-4.0,876.0,9293.0,1122.0
ATLAS reference databases,https://doi.org/10.5281/zenodo.1134890,CC-BY-4.0,876.0,2155.0,102.0
Combined SMOS and SMAP sea ice thickness Arctic,https://doi.org/10.5281/zenodo.1631856,CC-BY-4.0,869.0,6274.0,472.0
Identifier Refinery Conversion Matrixes,https://doi.org/10.5281/zenodo.1410647,CC-BY-4.0,867.0,886.0,20.0
FSR Ownership Links and Enhanced EUTL Dataset,https://doi.org/10.5281/zenodo.47636,CC0-1.0,858.0,870.0,23.0
Tomcat bug-report,https://doi.org/10.5281/zenodo.268481,CC-BY-4.0,858.0,916.0,204.0
"TUT Acoustic scenes 2016, Evaluation dataset",https://doi.org/10.5281/zenodo.165995,other-open,847.0,4792.0,1704.0
Accompanying material to the Inventory of opportunities and bottlenecks in policy to facilitate the adoption of soil-improving techniques,https://doi.org/10.5281/zenodo.2613625,CC-BY-4.0,846.0,909.0,40.0
"Quantitative account of social interactions in a mental health care ecosystem: cooperation, trust and collective action",https://doi.org/10.5281/zenodo.1175627,CC-BY-SA-4.0,846.0,16073.0,185.0
France social contact data,https://doi.org/10.5281/zenodo.1158452,CC-BY-NC-ND-4.0,844.0,8152.0,3466.0
Street Fashion Style (SFS) dataset,https://doi.org/10.5281/zenodo.833051,CC-BY-NC-4.0,840.0,3209.0,1709.0
OpenBiblioJobs Export 2012.07.17-2017.09.01,https://doi.org/10.5281/zenodo.1212306,CC-BY-4.0,833.0,859.0,75.0
Social contact data for Vietnam,https://doi.org/10.5281/zenodo.1289474,CC-BY-NC-ND-4.0,830.0,5760.0,3037.0
Good-sounds dataset,https://doi.org/10.5281/zenodo.820937,CC-BY-4.0,829.0,6095.0,829.0
OpenAIRE Guidelines for CRIS Managers 1.0,https://doi.org/10.5281/zenodo.17065,CC-BY-4.0,803.0,1352.0,1316.0
Spotify Playlists Dataset,https://doi.org/10.5281/zenodo.2594557,CC-BY-4.0,800.0,972.0,2882.0
"Database of weeds in cultivation fields of France and UK, with ecological and biogeographical information",https://doi.org/10.5281/zenodo.1112342,CC-BY-4.0,798.0,849.0,1373.0
Missing Persons Brazilian Database,https://doi.org/10.5281/zenodo.283320,CC-BY-NC-4.0,787.0,927.0,33.0
CODEBRIM: COncrete DEfect BRidge IMage Dataset,https://doi.org/10.5281/zenodo.2620293,other-nc,782.0,5178.0,1213.0
"Additional datasets and code accompanying the article ""Evaluation of in silico algorithms for use with ACMG/AMP clinical variant interpretation guidelines""",https://doi.org/10.5281/zenodo.1009576,CC-BY-4.0,775.0,1084.0,308.0
"TUT Sound events 2016, Development dataset",https://doi.org/10.5281/zenodo.45759,other-nc,773.0,3315.0,2262.0
Video Storytelling Dataset,https://doi.org/10.5281/zenodo.2383739,CC-BY-4.0,773.0,8375.0,417.0
BuzzFeed-Webis Fake News Corpus 2016,https://doi.org/10.5281/zenodo.1239675,CC-BY-4.0,771.0,1651.0,1889.0
"Geologi Endapan Gunungapi Wilayah Bandung Timur, Jawa Barat, Indonesia (v1)",https://doi.org/10.5281/zenodo.221105,CC-BY-4.0,769.0,890.0,68.0
Peruvian social contact data,https://doi.org/10.5281/zenodo.1215891,CC-BY-NC-ND-4.0,767.0,6840.0,3338.0
Civilian Casualties of WW2 air-raids on Kiel,https://doi.org/10.5281/zenodo.61684,CC-BY-SA-4.0,765.0,821.0,1132.0
Standardized Project Gutenberg Corpus,https://doi.org/10.5281/zenodo.2422561,CC-BY-4.0,763.0,1023.0,1922.0
Social contact data for UK,https://doi.org/10.5281/zenodo.1409507,CC-BY-NC-ND-4.0,758.0,7130.0,3016.0
"Rediscovery Datasets: Connecting Duplicate Reports of Apache, Eclipse, and KDE",https://doi.org/10.5281/zenodo.400614,CC-BY-4.0,757.0,1175.0,472.0
"Archaeological Survey of India Collections: Burma Circle, 1907-13. Photo 1004/2 : 1907-1913 (.jpg format)",https://doi.org/10.5281/zenodo.835588,CC-BY-4.0,751.0,16431.0,240.0
BIRAFFE: Bio-Reactions and Faces for Emotion-based Personalization,https://doi.org/10.5281/zenodo.3442144,CC-BY-NC-ND-4.0,735.0,1372.0,948.0
Sample datasets for E. coli C-1 genome assembly tutorial,https://doi.org/10.5281/zenodo.940733,CC-BY-4.0,724.0,1730.0,4621.0
Rasterised Natura 2000 Natural Protection Areas for PyPSA-Eur: An Open Optimisation Model of the European Transmission System,https://doi.org/10.5281/zenodo.3518215,CC-BY-4.0,723.0,921.0,13.0
Beatport EDM Key Dataset,https://doi.org/10.5281/zenodo.1101082,CC-BY-SA-4.0,720.0,905.0,1713.0
Aspect J,https://doi.org/10.5281/zenodo.268472,CC-BY-4.0,719.0,754.0,81.0
Dataset: Diamonds from Hadley's ggplot2 for Galaxy training,https://doi.org/10.5281/zenodo.3540705,CC-BY-4.0,718.0,738.0,4.0
CpGenie  model files,https://doi.org/10.1093/nar/gkx177,Apache-2.0,718.0,37660.0,16.0
"A multi-resolution, multi-epoch low Radio Frequency Survey of the Kepler K2 Mission Campaign 1 Field",https://doi.org/10.5281/zenodo.1317635,CC-BY-4.0,715.0,4671.0,1501.0
GEMINI3D: 2-D test data,https://doi.org/10.5281/zenodo.3477385,CC-BY-4.0,712.0,1542.0,9.0
INTEND D 2.1 Transport projects & future technologies synopses database,https://doi.org/10.5281/zenodo.1293865,CC-BY-4.0,710.0,713.0,35.0
ConceptNet 5.7 Raw Data,https://doi.org/10.5281/zenodo.2579347,CC-BY-SA-4.0,705.0,1404.0,225.0
New Color Specifications for ColorChecker SG and Classic Charts,https://doi.org/10.5281/zenodo.3245895,other-closed,704.0,1469.0,42.0
Wikipedia time-series graph,https://doi.org/10.5281/zenodo.886484,CC-BY-4.0,695.0,907.0,319.0
index of folk culture (journal) articles [Arabic],https://doi.org/10.5281/zenodo.2633854,CC-BY-4.0,695.0,895.0,51.0
Austrian Science Fund (FWF) Open Access Compliance Monitoring 2017,https://doi.org/10.5281/zenodo.1239495,CC-BY-4.0,693.0,818.0,380.0
OpenAIRE and FAIR Data Expert Group survey about Horizon 2020 template for Data Management Plans,https://doi.org/10.5281/zenodo.1120245,CC-BY-SA-4.0,691.0,933.0,1655.0
Indexed scientific articles for the seven journals listed on the Design Society website and all papers indexed for the DESIGN and ICED conferences,https://doi.org/10.5281/zenodo.204820,CC-BY-4.0,691.0,1270.0,209.0
Allergy dataset,https://doi.org/10.5281/zenodo.44529,CC0-1.0,691.0,904.0,1052.0
PlantVillage Disease Classification Challenge - Color Images,https://doi.org/10.5281/zenodo.1204914,CC-BY-4.0,691.0,1098.0,2336.0
Preprocessed datasets for MAF experiments,https://doi.org/10.5281/zenodo.1161203,CC-BY-4.0,689.0,993.0,894.0
BirdVox-DCASE-20k: a dataset for bird audio detection in 10-second clips,https://doi.org/10.5281/zenodo.1208080,CC-BY-4.0,687.0,1103.0,537.0
ARTS Microwave Single Scattering Properties Database,https://doi.org/10.5281/zenodo.1175573,CC-BY-4.0,687.0,3193.0,671.0
Intrachromosomal Hi-C contact lists and matrices of lymphoma cell lines,https://doi.org/10.5281/zenodo.1484388,CC-BY-4.0,680.0,1630.0,1558.0
VocalSet: A Singing Voice Dataset,https://doi.org/10.5281/zenodo.1442513,CC-BY-4.0,676.0,4227.0,1099.0
Data and analysis supplement for: Functional imagery training versus motivational interviewing for weight loss: a randomised controlled trial of brief individual interventions for overweight and obesity.,https://doi.org/10.5281/zenodo.1120364,CC-BY-4.0,675.0,2280.0,352.0
URLs von Webseiten mit Typ Bibliothek aus Lobid.org,https://doi.org/10.5281/zenodo.50969,CC0-1.0,667.0,727.0,43.0
Summary-level data from meta-analysis of fat distribution phenotypes in UK Biobank and GIANT,https://doi.org/10.5281/zenodo.1251813,CC-BY-4.0,660.0,1619.0,2801.0
(No) Influence of Continuous Integration on the Development Activity in GitHub Projects — Dataset,https://doi.org/10.5281/zenodo.1291582,CC-BY-4.0,658.0,761.0,91.0
MoMA Collection Artists,https://doi.org/10.5281/zenodo.46902,CC0-1.0,658.0,681.0,99.0
Magi Practical Web Article Corpus,https://doi.org/10.5281/zenodo.3242512,CC-BY-4.0,656.0,8373.0,393.0
30000 job postings from SEEK Australia,https://doi.org/10.5281/zenodo.1220874,CC-BY-4.0,656.0,748.0,413.0
Zebrafish Phenotype Ontology,https://doi.org/10.5281/zenodo.3250384,CC-BY-4.0,656.0,851.0,41.0
Computation-Ready Experimental Metal-Organic Framework (CoRE MOF) 2019 Dataset,https://doi.org/10.5281/zenodo.3528250,CC-BY-4.0,655.0,1131.0,927.0
A Computational Theory for the Emergence of Grammatical Categories in Cortical Dynamics,https://doi.org/10.5281/zenodo.3562524,CC-BY-4.0,654.0,678.0,15.0
Database of trophic interactions,https://doi.org/10.5281/zenodo.13751,CC0-1.0,653.0,698.0,241.0
ROARMAP Open Access Policy data,https://doi.org/10.5281/zenodo.20161,CC0-1.0,652.0,812.0,71.0
Observer Function Database,https://doi.org/10.5281/zenodo.3252742,other-closed,647.0,1279.0,25.0
Catalogue of radiocarbon determinations & dendrochronology dates,https://doi.org/10.5281/zenodo.3367518,CC-BY-4.0,643.0,796.0,40.0
"RAPID input and output files corresponding to ""River Network Routing on the NHDPlus Dataset""",https://doi.org/10.5281/zenodo.16565,CC-BY-4.0,643.0,4992.0,412.0
wikidata jsons (in pre-processed format),https://doi.org/10.5281/zenodo.3364465,CC-BY-4.0,642.0,16278.0,130.0
DCASE2019_task4_synthetic_data,https://doi.org/10.5281/zenodo.2583796,CC-BY-NC-4.0,640.0,2311.0,906.0
POLYMOD social contact data,https://doi.org/10.5281/zenodo.1215899,CC-BY-NC-4.0,640.0,4857.0,2938.0
Supply Chains of 36 Corporations (CERTH DB),https://doi.org/10.5281/zenodo.2561880,CC-BY-4.0,639.0,720.0,92.0
Data for Applying Old Knowledge in Primary Study Selection,https://doi.org/10.5281/zenodo.290670,CC-BY-4.0,634.0,811.0,51.0
Evaluation datasets for DCASE 2018 Bird Audio Detection,https://doi.org/10.5281/zenodo.1298604,CC-BY-4.0,632.0,2604.0,175.0
Simulated Human gut metagenomic samples to benchmark mOTUs v2,https://doi.org/10.5281/zenodo.1473645,CC-BY-4.0,622.0,1545.0,882.0
Ninapro dataset 5 (double Myo armband),https://doi.org/10.5281/zenodo.1000116,CC-BY-ND-4.0,621.0,3905.0,1508.0
CMS 2011A Simulation | Pythia 6 QCD 600-800 | pT > 375 GeV | MOD HDF5 Format,https://doi.org/10.5281/zenodo.3364139,CC-BY-4.0,619.0,2938.0,77.0
Billion Triple Challenge (BTC) 2019 Dataset,https://doi.org/10.5281/zenodo.2634588,CC-BY-4.0,613.0,7032.0,1223.0
MethylSeq_2017,https://doi.org/10.5281/zenodo.557099,CC-BY-4.0,610.0,1331.0,4524.0
A global network of biomedical relationships derived from text,https://doi.org/10.5281/zenodo.3459420,CC-BY-4.0,610.0,1872.0,4312.0
Steam Review Dataset (2017),https://doi.org/10.5281/zenodo.1000885,CC-BY-NC-4.0,606.0,730.0,2099.0
Arterial hemodynamics: a database of virtual subjects,https://doi.org/10.5281/zenodo.33054,CC-BY-4.0,603.0,1860.0,50.0
EvoRef: EvoBib Reference Browser,https://doi.org/10.5281/zenodo.3302056,CC-BY-4.0,594.0,658.0,126.0
Binary black-hole simulation SXS:BBH:0274,https://doi.org/10.5281/zenodo.3316634,CC-BY-4.0,592.0,2215.0,1993.0
ReMM score,https://doi.org/10.5281/zenodo.1197579,CC-BY-4.0,590.0,3483.0,163.0
Extended Malaysian Traffic Sign Dataset (EMTD),https://doi.org/10.5281/zenodo.1217105,CC-BY-4.0,590.0,5214.0,334.0
Honey bee Seasonal mortality 2012-2014 - Epilobee analysis,https://doi.org/10.5281/zenodo.269636,CC-BY-ND-4.0,589.0,620.0,225.0
MSR - Data,https://doi.org/10.5281/zenodo.2549112,CC-BY-4.0,588.0,662.0,10.0
Basenji  model files,https://doi.org/10.1101/gr.227819.117,Apache-2.0,588.0,2351.0,27.0
Tutorial Data Bundle for PyPSA-Eur: An Open Optimisation Model of the European Transmission System,https://doi.org/10.5281/zenodo.3517921,other-open,587.0,743.0,21.0
Tutorial Weather Data Cutouts for PyPSA-Eur: An Open Optimisation Model of the European Transmission System,https://doi.org/10.5281/zenodo.3518020,CC-BY-4.0,583.0,717.0,17.0
Global Reforestation Potential Map,https://doi.org/10.5281/zenodo.883444,CC-BY-4.0,581.0,649.0,3769.0
MedleyDB Sample,https://doi.org/10.5281/zenodo.1438309,CC-BY-SA-4.0,581.0,1262.0,250.0
DeepCpG_DNA  model files,https://doi.org/10.1186/s13059-017-1189-z,MIT,581.0,2247.0,31.0
Dataset for generating TL;DR,https://doi.org/10.5281/zenodo.1168855,CC-BY-4.0,578.0,716.0,989.0
Demo data for TPS Measurement comparison,https://doi.org/10.5281/zenodo.3351939,AGPL-3.0-or-later,573.0,635.0,3.0
Tomographic X-ray data of a walnut,https://doi.org/10.5281/zenodo.1254206,CC-BY-4.0,572.0,1329.0,780.0
Satellite Sensor Relative Spectral Response data,https://doi.org/10.5281/zenodo.3461164,CC-BY-4.0,572.0,790.0,38.0
FactorNet  model files,https://doi.org/10.1101/151274,MIT,570.0,2692.0,50.0
pwm_HOCOMOCO  model files,https://doi.org/10.1093/nar/gkv1249,MIT,569.0,3517.0,16.0
E-THEMIS Thermal Anomaly Simulation Observations,https://doi.org/10.5281/zenodo.3581464,CC-BY-4.0,568.0,7288.0,15.0
Networks of Swiss water governance issues. Studying fit between media attention and organizational activity,https://doi.org/10.25678/000077,CC0-1.0,566.0,699.0,230.0
The high-resolution and high-quality PM1 data set in China (ChinaHighPM1 data set),https://doi.org/10.5281/zenodo.3538556,CC-BY-4.0,561.0,1970.0,738.0
Tractography Challenge ISMRM 2015 Submissions,https://doi.org/10.5281/zenodo.840086,CC-BY-4.0,560.0,812.0,392.0
Dynamic Malware Analysis kernel and user-level calls,https://doi.org/10.5281/zenodo.1203289,CC-BY-4.0,558.0,6158.0,195.0
Simple Italian sentences ranked by readability,https://doi.org/10.5281/zenodo.2548585,CC-BY-4.0,554.0,604.0,96.0
Improvement of editorial quality of journals indexed in DOAJ,https://doi.org/10.5281/zenodo.60516,CC-BY-4.0,550.0,692.0,143.0
Dataset: Raiders of the Lost Kek: 3.5 Years of Augmented 4chan Posts from the Politically Incorrect Board,https://doi.org/10.5281/zenodo.3606810,CC-BY-4.0,549.0,696.0,991.0
Clotho dataset,https://doi.org/10.5281/zenodo.3490684,other-at,549.0,716.0,999.0
"TUT Sound events 2017, Evaluation dataset",https://doi.org/10.5281/zenodo.1040179,other-nc,544.0,1589.0,598.0
KipoiSplice  model files,https://doi.org/10.1101/375345,MIT,543.0,4180.0,17.0
Divergent421 model files,https://doi.org/10.5281/zenodo.1452399,MIT,543.0,1163.0,30.0
Soil organic carbon stock (0–30 cm) in kg/m2 time-series 2001–2015 based on the land cover changes,https://doi.org/10.5281/zenodo.2529721,CC-BY-SA-4.0,543.0,3908.0,506.0
Cone-Beam X-Ray CT Data Collection Designed for Machine Learning: Samples 25-32,https://doi.org/10.5281/zenodo.2687635,CC-BY-4.0,541.0,5577.0,149.0
Improvements to stratospheric chemistry scheme in the UM-UKCA (v10.7) model: solar cycle and heterogeneous reactions,https://doi.org/10.5281/zenodo.1486305,CC-BY-4.0,540.0,834.0,63.0
"TUT Urban Acoustic Scenes 2018, Leaderboard dataset",https://doi.org/10.5281/zenodo.1245181,other-nc,535.0,4019.0,767.0
SiSp  model files,https://doi.org/10.1101/328138,MIT,531.0,3040.0,14.0
PanDDA analysis of BAZ2B screened against Zenobia Fragment Library (HTML Summary),https://doi.org/10.5281/zenodo.290199,CC-BY-4.0,530.0,818.0,83.0
"Numerical model code, input files and output data for publication ""Rapid mixing and exchange of deep-ocean waters in an abyssal boundary current""",https://doi.org/10.5281/zenodo.3240623,CC-BY-4.0,529.0,4891.0,792.0
PCR-GLOBWB 2 input files version 2017_11_beta_1,https://doi.org/10.5281/zenodo.1045339,CC-BY-4.0,527.0,881.0,787.0
"mTORC1 in thymic epithelial cells is critical for thymopoiesis, T-cell generation, and temporal control of gdT17 development and TCRg/d recombination",https://doi.org/10.5281/zenodo.34843,CC0-1.0,525.0,528.0,78.0
Austrian Science Fund (FWF) funding statistics 2009-2018,https://doi.org/10.5281/zenodo.3352017,CC-BY-4.0,524.0,949.0,855.0
Monthly MODIS LST data related to the article: A new fully gap-free time series of land surface temperature from MODIS LST data,https://doi.org/10.5281/zenodo.1135230,ODbL-1.0,522.0,7514.0,629.0
3D Microphone Array Recording Comparison (3D-MARCo),https://doi.org/10.5281/zenodo.3477602,CC-BY-3.0,521.0,2082.0,2372.0
Volcano Plot (training data),https://doi.org/10.5281/zenodo.2529117,CC-BY-4.0,521.0,849.0,3768.0
Overtopping events in breakwaters under climate change scenarios [Dataset]. Zenodo,https://doi.org/10.5281/zenodo.1574835,CC-BY-4.0,519.0,705.0,879.0
Corresponding-Colour Datasets,https://doi.org/10.5281/zenodo.3270903,other-closed,516.0,7477.0,69.0
MaxEntScan  model files,https://doi.org/10.1089/1066527041410418,MIT,514.0,1069.0,29.0
deepTarget  model files,https://doi.org/10.1145/2975167.2975212,GPL-3.0,510.0,3243.0,19.0
3PFL: Database of Patents and Publications with a Public-Funding Linkage,https://doi.org/10.5281/zenodo.3369582,CC-BY-4.0,509.0,877.0,1814.0
"TAU Urban Acoustic Scenes 2019, Leaderboard dataset",https://doi.org/10.5281/zenodo.2672993,other-nc,508.0,1991.0,434.0
Towards the use of UHPFRC in railway bridges: the rehabilitation of Buna Bridge,https://doi.org/10.5281/zenodo.2574457,CC-BY-4.0,508.0,1734.0,694.0
EMG and Video Dataset for sensor fusion based hand gestures recognition,https://doi.org/10.5281/zenodo.3228846,CC-BY-4.0,508.0,1799.0,235.0
Dataset for paper: The spread of low-credibility content by social bots,https://doi.org/10.5281/zenodo.1402267,CC-BY-4.0,505.0,2781.0,3203.0
Hybrid Approaches to Detect Comments Violating Macro Norms on Reddit,https://doi.org/10.5281/zenodo.3338698,CC-BY-4.0,504.0,689.0,163.0
Coopac,https://doi.org/10.5281/zenodo.1464893,CC-BY-4.0,498.0,591.0,932.0
How does the proximity to restaurants and sports facilities influence the Body Mass Index in Geneva?,https://doi.org/10.5281/zenodo.2532913,CC-BY-4.0,496.0,753.0,806.0
lsgkm-SVM  model files,https://doi.org/10.1093/bioinformatics/btw142,MIT,493.0,500.0,17.0
စစ်ကိုင်းတိုင်းဒေသကြီးအတွင်းရှိအသစ်တွေ့ကျောက်စာများ,https://doi.org/10.5281/zenodo.1203709,CC-BY-4.0,493.0,561.0,49.0
Integrated analysis of anatomical and electrophysiological human intracranial data,https://doi.org/10.5281/zenodo.1201560,CC-BY-SA-4.0,492.0,2300.0,1247.0
A word2vec model file built from the French Wikipedia XML Dump using gensim.,https://doi.org/10.5281/zenodo.162792,CC-BY-4.0,491.0,1084.0,3664.0
extended_coda  model files,https://doi.org/10.1093/bioinformatics/btx243,MIT,491.0,1959.0,17.0
What Skills do IT Companies Look for in New Developers?,https://doi.org/10.5281/zenodo.3387443,CC-BY-4.0,490.0,643.0,35.0
Galaxy Hi-C Training material dm3,https://doi.org/10.5281/zenodo.1183661,CC-BY-4.0,488.0,1457.0,4732.0
Comparative wordlist of Tibetan dialects,https://doi.org/10.5281/zenodo.815587,CC-BY-4.0,486.0,590.0,31.0
"Training and testing data, associated code and estimators for emulating a convection scheme",https://doi.org/10.5281/zenodo.1434401,CC-BY-4.0,481.0,5411.0,90.0
Dazaga in Berlin-Brandenburg,https://doi.org/10.5281/zenodo.1442617,CC-BY-4.0,479.0,885.0,736.0
Global Soil Moisture Agricultural Drought Index (SMADI),https://doi.org/10.5281/zenodo.3247649,CC-BY-4.0,478.0,1365.0,155.0
The Global Long-term Microwave Vegetation Optical Depth Climate Archive VODCA,https://doi.org/10.5281/zenodo.2575599,CC-BY-4.0,476.0,1254.0,1189.0
Single-cell -omics datasets containing a trajectory,https://doi.org/10.5281/zenodo.1443566,CC-BY-SA-4.0,474.0,12795.0,2486.0
Mapping of Global Scientific Research in Comorbidity and Multimorbidity: A Cross-Sectional Analysis,https://doi.org/10.5281/zenodo.1019725,CC-BY-4.0,471.0,510.0,39.0
A comparison of automatic cell identification methods for single-cell RNA-sequencing data,https://doi.org/10.5281/zenodo.3357167,CC-BY-4.0,470.0,2385.0,383.0
Rediscovery Datasets: Connecting Duplicate Reports of LibreOffice and Gentoo,https://doi.org/10.5281/zenodo.579547,CC-BY-4.0,468.0,535.0,97.0
Numbers and shares of Open Access Journals in Sociology charging publication fees (article processing charges APCs),https://doi.org/10.5281/zenodo.10760,CC-BY-SA-4.0,468.0,741.0,336.0
GNSS Signal samples in the L2 band,https://doi.org/10.5281/zenodo.1184601,CC-BY-4.0,467.0,506.0,62.0
Citations to Astronomy Journals 1: The growth of interdisciplinarity - Data Supplement,https://doi.org/10.5281/zenodo.1400693,CC-BY-4.0,467.0,755.0,506.0
De novo design of a fluorescence-activating β-barrel,https://doi.org/10.5281/zenodo.1216229,CC-BY-4.0,465.0,900.0,782.0
Version 3 (20181130) of the MALDI-TOF Mass Spectrometry Database for Identification and Classification of Highly Pathogenic Microorganisms from the Robert Koch-Institute (RKI),https://doi.org/10.5281/zenodo.1880975,CC-BY-4.0,465.0,642.0,773.0
Innovations in scholarly communication - data of the global 2015-2016 survey,https://doi.org/10.5281/zenodo.49583,CC0-1.0,461.0,817.0,3306.0
XML_corpus,https://doi.org/10.5281/zenodo.10776,CC-BY-4.0,460.0,461.0,18.0
The CERDI-seadistance database,https://doi.org/10.5281/zenodo.46822,CC-BY-4.0,459.0,582.0,1041.0
A MALDI-TOF Mass Spectrometry Database for Identification and Classification of Highly Pathogenic Microorganisms from the Robert Koch-Institute (RKI),https://doi.org/10.5281/zenodo.163517,CC-BY-NC-4.0,457.0,596.0,1293.0
Global derived datasets for use in k-NN machine learning prediction of global seafloor total organic carbon,https://doi.org/10.5281/zenodo.1471639,CC-BY-4.0,457.0,5846.0,805.0
The RBO Dataset of Articulated Objects and Interactions,https://doi.org/10.5281/zenodo.1036660,CC-BY-4.0,454.0,6986.0,145.0
"Dataset for paper ""Sharing emotions at scale: The Vent dataset""",https://doi.org/10.5281/zenodo.2537838,CC-BY-4.0,454.0,1059.0,701.0
OpenBiblioJobs Export 2012-2016,https://doi.org/10.5281/zenodo.322783,CC-BY-4.0,451.0,530.0,72.0
Documentazione consolidata VIG2/2019 - parte 1/3 - Linee Guida,https://doi.org/10.5281/zenodo.3233444,CC-BY-4.0,446.0,669.0,546.0
"WikiLinkGraphs: A complete, longitudinal and multilanguage dataset of the Wikipedia link networks",https://doi.org/10.5281/zenodo.2539424,CC-BY-4.0,445.0,3886.0,1184.0
Youtube cookery channels viewers comments in Hinglish,https://doi.org/10.5281/zenodo.2841848,ODC-By-1.0,441.0,557.0,192.0
EEG and audio dataset for auditory attention decoding,https://doi.org/10.5281/zenodo.1199011,CC-BY-NC-4.0,439.0,859.0,1889.0
A dataset of completeness of radiosonde humidity observations based on the IGRA,https://doi.org/10.5281/zenodo.1332686,CC-BY-4.0,436.0,570.0,691.0
Numbers and shares of Open Access Journals from all disciplines and from the discipline Sociology using Creative Commons Licenses as listed by the Directory of Open Access Journals (2014-06-08),https://doi.org/10.5281/zenodo.10577,CC-BY-SA-4.0,435.0,602.0,250.0
Red Wings Game Dataset,https://doi.org/10.5281/zenodo.2670056,CC-BY-4.0,433.0,688.0,91.0
GridKit: European and North-American extracts,https://doi.org/10.5281/zenodo.47317,ODbL-1.0,433.0,533.0,1672.0
Jeu Open Strategist,https://doi.org/10.5281/zenodo.1409792,CC-BY-NC-4.0,432.0,461.0,2287.0
Mapping Jewish Communities of the Byzantine Empire,https://doi.org/10.5281/zenodo.1116960,CC-BY-4.0,430.0,491.0,141.0
#paris #Bataclan #parisattacks #porteouverte tweets,https://doi.org/10.5281/zenodo.55894,CC-BY-4.0,428.0,479.0,26.0
Churn prediction (rawdata),https://doi.org/10.5281/zenodo.166035,CC-BY-4.0,428.0,569.0,415.0
Ground truth recordings for validation of spike sorting algorithms,https://doi.org/10.5281/zenodo.1205233,CC-BY-4.0,428.0,1232.0,1948.0
Open access database of raw ultrasonic signals acquired from malignant and benign breast lesions,https://doi.org/10.5281/zenodo.545928,CC-BY-NC-4.0,425.0,851.0,1368.0
Extract Article Numbers by Publisher from ZORA,https://doi.org/10.5281/zenodo.44819,CC0-1.0,425.0,432.0,26.0
"DCASE 2018, Task 5: Monitoring of domestic activities based on multi-channel acoustics - Evaluation dataset",https://doi.org/10.5281/zenodo.1964758,CC-BY-NC-ND-4.0,425.0,5302.0,451.0
Tomcat,https://doi.org/10.5281/zenodo.268471,CC-BY-4.0,424.0,439.0,59.0
The landscape of open access in Africa,https://doi.org/10.5281/zenodo.1409952,CC-BY-4.0,422.0,467.0,328.0
Example datasets for the Flye assembler,https://doi.org/10.5281/zenodo.1172816,CC-BY-4.0,421.0,541.0,46.0
Relatórios de produção científica de docentes dos cursos de graduação em física médica do Brasil,https://doi.org/10.5281/zenodo.2533089,CC-BY-4.0,421.0,1137.0,71.0
"Landslides from Space - Nuugaatsiaq: landslide-induced tsunami, Greenland (17th June 2017)",https://doi.org/10.5281/zenodo.820919,CC-BY-4.0,420.0,805.0,71.0
SILVA v128 and v132 dada2 formatted 18s 'train sets',https://doi.org/10.5281/zenodo.1447330,CC-BY-NC-4.0,420.0,525.0,1166.0
Lymphocyte Assessment Hackathon (LYSTO),https://doi.org/10.5281/zenodo.3513571,CC-BY-4.0,419.0,2451.0,239.0
Word Embeddings for the Software Engineering Domain,https://doi.org/10.5281/zenodo.1199620,CC-BY-4.0,419.0,844.0,889.0
Cross-correlations and symmetries in genetic sequences,https://doi.org/10.5281/zenodo.1001805,CC-BY-4.0,417.0,449.0,83.0
CD44 / CCP4 tutorial dataset,https://doi.org/10.5281/zenodo.55993,CC0-1.0,415.0,597.0,827.0
Training data for 'Reference based RADSeq ' tutorial (Galaxy Training Material),https://doi.org/10.5281/zenodo.1134547,CC-BY-4.0,411.0,833.0,7747.0
Training material for small RNA-seq data analysis (Galaxy Training Network tutorial),https://doi.org/10.5281/zenodo.826906,CC-BY-4.0,411.0,2156.0,7899.0
The SICK (Sentences Involving Compositional Knowledge) dataset for relatedness and entailment,https://doi.org/10.5281/zenodo.2787612,CC-BY-NC-SA-3.0,410.0,648.0,1718.0
OpenAIRE LOD Dump,https://doi.org/10.5281/zenodo.2352439,CC0-1.0,408.0,3037.0,674.0
Co-crystal structures of USP5 Zf-UBD and weak binding compounds,https://doi.org/10.5281/zenodo.1313723,CC-BY-4.0,406.0,592.0,1220.0
The open D1NAMO dataset: A multi-modal dataset for research on non-invasive type 1 diabetes management,https://doi.org/10.5281/zenodo.1421616,CC-BY-SA-4.0,404.0,852.0,898.0
globalbioticinteractions/template-dataset: More examples and mappings.,https://doi.org/10.5281/zenodo.1436853,other-open,398.0,445.0,105.0
#brexit tweets collected from the 5th of May to the 24th August 2016,https://doi.org/10.5281/zenodo.263584,CC-BY-4.0,395.0,741.0,774.0
FEED Archive,https://doi.org/10.5281/zenodo.1229320,CC-BY-4.0,394.0,7385.0,93.0
Supporting data for Open government data for regulation of energy resources in India,https://doi.org/10.5281/zenodo.11353,CC-BY-4.0,393.0,408.0,129.0
Upper limb movements can be decoded from the time-domain of low-frequency EEG,https://doi.org/10.5281/zenodo.834976,CC-BY-4.0,391.0,7514.0,337.0
Synthetically Spoken COCO,https://doi.org/10.5281/zenodo.400926,CC-BY-4.0,391.0,431.0,192.0
"Landslides from Space - Hpakan Jade Mine Landslides, Myanmar (January 2016)",https://doi.org/10.5281/zenodo.820562,CC-BY-4.0,391.0,755.0,25.0
OpenMIC-2018,https://doi.org/10.5281/zenodo.1432913,CC-BY-4.0,390.0,464.0,1878.0
People in Social Context (PISC) Dataset,https://doi.org/10.5281/zenodo.1059155,CC-BY-4.0,389.0,1619.0,756.0
Excel mapping tools for 2018 zoonoses data reporting,https://doi.org/10.5281/zenodo.2549663,CC-BY-4.0,385.0,850.0,526.0
HyRANK Hyperspectral Satellite Dataset I,https://doi.org/10.5281/zenodo.1222202,CC-BY-4.0,384.0,1371.0,495.0
Jeu Super Open Researcher,https://doi.org/10.5281/zenodo.1409702,CC-BY-NC-4.0,383.0,450.0,1674.0
SSD2 tools for Chemical Contaminants Occurrence Data,https://doi.org/10.5281/zenodo.3339346,CC-BY-4.0,382.0,641.0,566.0
"Long-term MODIS LST day-time and night-time temperatures, sd and differences at 1 km based on the 2000–2017 time series",https://doi.org/10.5281/zenodo.1435938,CC-BY-SA-4.0,381.0,7920.0,554.0
Related Change Sets and Regression,https://doi.org/10.5281/zenodo.49187,CC0-1.0,379.0,401.0,17.0
City scale particulate matter monitoring using LoRaWAN based air quality IoT devices,https://doi.org/10.5281/zenodo.1698621,CC-BY-4.0,375.0,473.0,305.0
Rohdaten NAWA Spez 2017,https://doi.org/10.25678/0000gg,CC0-1.0,375.0,588.0,702.0
Dataset for ICDAR2017 Competition on Handwritten Text Recognition on the READ Dataset (ICDAR2017 HTR),https://doi.org/10.5281/zenodo.835489,CC-BY-4.0,374.0,1064.0,1048.0
"Vagrant Lives: 14,789 Vagrants Processed by Middlesex County, 1777-1786",https://doi.org/10.5281/zenodo.13103,CC-BY-4.0,372.0,406.0,367.0
URBAN-SED,https://doi.org/10.5281/zenodo.1324404,CC-BY-4.0,372.0,997.0,97.0
Shadow Detection/Texture Segmentation Computer Vision Dataset,https://doi.org/10.5281/zenodo.59019,CC0-1.0,371.0,589.0,2907.0
Systematic PSI processing over Santorini volcano: the 2015 post unrest period,https://doi.org/10.5281/zenodo.833722,CC-BY-4.0,370.0,735.0,30.0
Spanish 3B words Word2Vec Embeddings,https://doi.org/10.5281/zenodo.1410403,CC-BY-SA-4.0,368.0,595.0,649.0
ASV Tables inferred by DADA2 from the TARA Oceans v9 metabarcoding dataset,https://doi.org/10.5281/zenodo.581694,CC-BY-4.0,364.0,720.0,631.0
Training data for 'From peaks to gene' tutorial (Galaxy Training Material),https://doi.org/10.5281/zenodo.1025586,CC-BY-4.0,364.0,488.0,8016.0
Underwater Images,https://doi.org/10.5281/zenodo.2542305,CC-BY-4.0,362.0,2161.0,217.0
Datensatz zu: Fachgesellschaften und Open Access in Deutschland – eine Analyse zur Herausgabe von Zeitschriften,https://doi.org/10.5281/zenodo.3406355,CC0-1.0,361.0,705.0,552.0
Social media data from online discourse on Nigeria's budget,https://doi.org/10.5281/zenodo.11513,CC-BY-4.0,359.0,374.0,18.0
Training data for 'Somatic variant calling' tutorial (Galaxy Training Material),https://doi.org/10.5281/zenodo.2582555,CC-BY-4.0,359.0,1084.0,5080.0
MechRNA: prediction of lncRNA mechanisms from RNA-RNA and RNA-protein interactions,https://doi.org/10.5281/zenodo.1115534,CC-BY-4.0,359.0,909.0,308.0
Raw diffraction images of a crystal of thermolysin solved by SAD from data collected by Direct Data Collection (DDC) using the ESRF RoboDiff goniometer,https://doi.org/10.5281/zenodo.50836,CC0-1.0,355.0,359.0,14.0
"Landslides from Space - Aranayake Landslide, Sri Lanka (17th May 2016)",https://doi.org/10.5281/zenodo.820751,CC-BY-4.0,354.0,707.0,116.0
Transfer of bacteriophages between the fingers of volunteers and water or saliva,https://doi.org/10.25678/000099,CC0-1.0,354.0,549.0,1049.0
URSO: Unreal Rendered Spacecrafts On-Orbit Datasets,https://doi.org/10.5281/zenodo.3279632,CC-BY-4.0,351.0,2115.0,438.0
Dataset for: Multivascular networks and functional intravascular topologies within biocompatible hydrogels,https://doi.org/10.5281/zenodo.2614071,CC-BY-NC-SA-4.0,351.0,986.0,1348.0
Biodiversity Hotspots (version 2016.1),https://doi.org/10.5281/zenodo.3261807,CC-BY-SA-4.0,348.0,388.0,1395.0
MicrobiomeHD: the human gut microbiome in health and disease,https://doi.org/10.5281/zenodo.1146764,CC-BY-NC-4.0,347.0,1999.0,1788.0
PatchCamelyon (PCam),https://doi.org/10.5281/zenodo.1494286,MIT,347.0,1027.0,412.0
Non-Homeric hexameter,https://doi.org/10.5281/zenodo.437896,CC-BY-4.0,346.0,367.0,71.0
"Landslides from Space - Bento Rodrigues Dam Failure, Brazil (5th November 2015)",https://doi.org/10.5281/zenodo.820537,CC-BY-4.0,345.0,713.0,63.0
Bioinformatic Jobs,https://doi.org/10.5281/zenodo.50151,CC0-1.0,345.0,359.0,36.0
Spectra from the SIMP Survey,https://doi.org/10.5281/zenodo.58501,CC0-1.0,344.0,2902.0,45.0
"Landslides from Space - Tonzang Landslide, Myanmar (July 2015)",https://doi.org/10.5281/zenodo.820535,CC-BY-4.0,344.0,703.0,31.0
"Data files and electromagnetic simulation software used in the paper ""Radar evidence of subglacial liquid water on Mars"" By Orosei et al. (2018)",https://doi.org/10.5281/zenodo.1285179,CC-BY-4.0,341.0,3611.0,1057.0
Multi-parmetric MRI prostate images,https://doi.org/10.5281/zenodo.162228,CC-BY-4.0,340.0,1089.0,899.0
A Corpus of Publicly Available Simulink Models for Model-based Empirical Studies,https://doi.org/10.5281/zenodo.1288778,CC-BY-4.0,339.0,418.0,166.0
GNMT inference dataset,https://doi.org/10.5281/zenodo.3437893,Apache-2.0,339.0,433.0,20.0
Oxidation of thin films at the air-water interface of atmospheric aerosol,https://doi.org/10.5281/zenodo.496171,CC-BY-4.0,337.0,1632.0,57.0
globalbioticinteractions/Catalogue-of-Afrotropical-Bees: prepare for publication to zenodo,https://doi.org/10.5281/zenodo.229519,other-open,336.0,380.0,16.0
"Global DEM derivatives at 250 m, 1 km and 2 km based on the MERIT DEM",https://doi.org/10.5281/zenodo.1447210,CC-BY-SA-4.0,336.0,1432.0,849.0
Open access in Africa: scopus citation data,https://doi.org/10.5281/zenodo.1144077,CC-BY-4.0,334.0,355.0,53.0
Hiedelemszövegek Székelyföldről,https://doi.org/10.5281/zenodo.53843,CC0-1.0,334.0,364.0,6.0
GT4HistOCR: Ground Truth for training OCR engines on historical documents in German Fraktur and Early Modern Latin,https://doi.org/10.5281/zenodo.1344132,CC-BY-4.0,333.0,461.0,1472.0
ufo-reports,https://doi.org/10.5281/zenodo.1205624,CC-BY-4.0,332.0,400.0,63.0
MediaEval AcousticBrainz Genre,https://doi.org/10.5281/zenodo.2553414,CC-BY-NC-SA-4.0,332.0,2284.0,478.0
"AA5086 tensile tests with Portevin-Le Chatelier (PLC) effect, complete raw dataset: DIC images, raw output and elements of post-processing",https://doi.org/10.5281/zenodo.1312836,CC-BY-4.0,332.0,688.0,724.0
Landslides from Space - Amyntaio Lignite Coal Mine Landslide (10th June 2017),https://doi.org/10.5281/zenodo.821031,CC-BY-4.0,331.0,704.0,45.0
Lexicon,https://doi.org/10.5281/zenodo.30989,CC0-1.0,330.0,360.0,36.0
"Landslides from Space - Glacier Bay Landslide, Alaska USA (28th June 2016)",https://doi.org/10.5281/zenodo.820753,CC-BY-4.0,329.0,689.0,29.0
MMETSP re-assemblies,https://doi.org/10.5281/zenodo.1212585,CC-BY-4.0,328.0,15834.0,1024.0
"Landslides from Space - Kumamoto Earthquake-triggered landslide, Japan (15th April 2016)",https://doi.org/10.5281/zenodo.820586,CC-BY-4.0,328.0,674.0,27.0
ROARMAP Open Access Policy data,https://doi.org/10.5281/zenodo.29257,CC0-1.0,328.0,347.0,44.0
RAVDESS Facial Landmark Tracking,https://doi.org/10.5281/zenodo.3255102,CC-BY-NC-SA-4.0,328.0,1185.0,1695.0
Systematic PSI processing over Santorini volcano: the 2012-2013 post unrest period,https://doi.org/10.5281/zenodo.809837,CC-BY-4.0,326.0,363.0,42.0
Mridangam Stroke Dataset,https://doi.org/10.5281/zenodo.1265188,CC-BY-NC-4.0,326.0,448.0,391.0
Data on Direct-to-Consumer Genetic Testing and DNA testing companies,https://doi.org/10.5281/zenodo.1183565,CC-BY-4.0,326.0,359.0,255.0
Feedback on the draft implementation guidance of Plan S,https://doi.org/10.5281/zenodo.3254637,CC-BY-4.0,326.0,2646.0,451.0
"database of Chemicals associated with Plastic Packaging (CPPdb), updated Oct 9, 2018",https://doi.org/10.5281/zenodo.1287773,CC-BY-NC-4.0,325.0,341.0,1314.0
globalbioticinteractions/AfricaTreeDatabase: prepare for publication to zenodo,https://doi.org/10.5281/zenodo.229547,other-open,324.0,327.0,15.0
"TUT Sound events 2016, Evaluation dataset",https://doi.org/10.5281/zenodo.996424,other-nc,324.0,942.0,470.0
globalbioticinteractions/dunne2016SanakNearshore: prepare for publication to zenodo,https://doi.org/10.5281/zenodo.229522,other-open,322.0,332.0,2.0
"Landslides from Space - Kakanj Mine Waste Landslide, Bosnia (24th February 2017)",https://doi.org/10.5281/zenodo.820841,CC-BY-4.0,322.0,688.0,28.0
"RPP- Statistika penyebaran data (mean, median, modus)",https://doi.org/10.5281/zenodo.59694,CC0-1.0,322.0,344.0,403.0
"Landslides from Space - Qamea Island Landslides, Fiji (18th December 2016)",https://doi.org/10.5281/zenodo.820783,CC-BY-4.0,322.0,677.0,26.0
GuitarSet,https://doi.org/10.5281/zenodo.3371780,CC-BY-4.0,322.0,773.0,571.0
Dataset of B-mode fatty liver ultrasound images,https://doi.org/10.5281/zenodo.1009146,CC-BY-4.0,321.0,403.0,1297.0
Cone-Beam X-Ray CT Data Collection Designed for Machine Learning: Samples 9-16,https://doi.org/10.5281/zenodo.2686971,CC-BY-4.0,321.0,3810.0,211.0
jhammock/Layman-and-Allgeier-Lionfish 1.0,https://doi.org/10.5281/zenodo.232498,other-open,320.0,336.0,9.0
Maize whole plant image dataset,https://doi.org/10.5281/zenodo.1002675,CC-BY-4.0,320.0,1772.0,691.0
"Landslides from Space - Koshe Garbage Landslide, Ethiopia  (11th March 2017)",https://doi.org/10.5281/zenodo.820858,CC-BY-4.0,320.0,666.0,42.0
ICDAR 2015 Competition HTRtS: Handwritten Text Recognition on the tranScriptorium Dataset,https://doi.org/10.5281/zenodo.248733,CC-BY-4.0,318.0,1958.0,786.0
Systematic PSI processing over Santorini volcano: the 2012-2016 post unrest period,https://doi.org/10.5281/zenodo.834173,CC-BY-4.0,318.0,698.0,74.0
Deformed Iron EBSD data set,https://doi.org/10.5281/zenodo.1214829,CC-BY-SA-4.0,318.0,442.0,457.0
COHERENT Collaboration data release from the first observation of coherent elastic neutrino-nucleus scattering,https://doi.org/10.5281/zenodo.1228631,CC-BY-4.0,318.0,586.0,585.0
"GEODAR data of snow avalanches at Vallée de la Sionne: Seasons 2010/11, 2011/12, 2012/13 & 2014/15 [Data set]",https://doi.org/10.5281/zenodo.1042108,CC-BY-4.0,317.0,1751.0,703.0
Landslides from Space - Volcan Landslide (10th January 2017),https://doi.org/10.5281/zenodo.820819,CC-BY-4.0,316.0,672.0,17.0
globalbioticinteractions/dunne2016SanakIntertidal: prepare for publication to zenodo,https://doi.org/10.5281/zenodo.229521,other-open,316.0,322.0,3.0
"Landslides from Space - Mocoa Debris Flow,  Columbia (1st April 2017)",https://doi.org/10.5281/zenodo.820862,CC-BY-4.0,315.0,660.0,19.0
